{"cameraMode":{"drawMode":0,"name":"Shaded","section":"Shading Mode"},"sceneLighting":false,"audioPlay":false,"sceneViewState":{"showFog":true,"showMaterialUpdate":false,"showSkybox":true,"showFlares":true,"showImageEffects":true,"showParticleSystems":true},"in2DMode":false,"pivot":{"x":0.22782915830612184,"y":-0.520117998123169,"z":-0.1319345384836197},"rotation":{"x":0.4326963424682617,"y":0.5440667867660523,"z":-0.38972869515419009,"w":0.6040502786636353},"size":5.722524166107178,"orthographic":true}