{"cameraMode":{"drawMode":0,"name":"Shaded","section":"Shading Mode"},"sceneLighting":false,"audioPlay":false,"sceneViewState":{"showFog":true,"showMaterialUpdate":false,"showSkybox":true,"showFlares":true,"showImageEffects":true,"showParticleSystems":true},"in2DMode":false,"pivot":{"x":0.06999999284744263,"y":0.0,"z":-0.12999999523162843},"rotation":{"x":0.4326963424682617,"y":0.5440667867660523,"z":-0.38972869515419009,"w":0.6040502786636353},"size":1.9117940664291382,"orthographic":true}